<?xml version="1.0" encoding="UTF-8"?>
<tns:ogrenciler xmlns:tns="http://www.faikturan.com/ogrenci" xmlns:xsi="http://www.w3.org/2001/XMLSchema-instance" xsi:schemaLocation="http://www.faikturan.com/ogrenci ogrenci.xsd ">
  <ogrenci no="1">
    <ad>faik</ad>
    <soyad>turan</soyad>
    <adres>
      <il>istanbul</il>
      <ilce>avcılar</ilce>
    </adres>
    <dersler>
      <ders>matematik</ders>
      <ders>fizik</ders>
      <ders>kimya</ders>
      <ders>edebiyat</ders>
    </dersler>
  </ogrenci>
  <ogrenci no="2">
    <ad>ali</ad>
    <soyad>gel</soyad>
    <adres>
      <il>istanbul</il>
      <ilce>pendik</ilce>
    </adres>
    <dersler>
      <ders>matematik</ders>
      <ders>fizik</ders>
      <ders>kimya</ders>
      <ders>edebiyat</ders>
    </dersler>
  </ogrenci>
  <ogrenci no="3">
    <ad>ayşe</ad>
    <soyad>coşar</soyad>
    <adres>
      <il>istanbul</il>
      <ilce>kadıköy</ilce>
    </adres>
    <dersler>
      <ders>matematik</ders>
      <ders>fizik</ders>
      <ders>kimya</ders>
      <ders>edebiyat</ders>
    </dersler>
  </ogrenci>
  <ogrenci no="4">
    <ad>veli</ad>
    <soyad>git</soyad>
    <adres>
      <il>istanbul</il>
      <ilce>avcılar</ilce>
    </adres>
    <dersler>
      <ders>matematik</ders>
      <ders>fizik</ders>
      <ders>kimya</ders>
      <ders>edebiyat</ders>
    </dersler>
  </ogrenci>
</tns:ogrenciler>
